{"cameraMode":{"drawMode":0,"name":"Shaded","section":"Shading Mode"},"sceneLighting":false,"audioPlay":false,"sceneViewState":{"showFog":true,"showMaterialUpdate":false,"showSkybox":false,"showFlares":true,"showImageEffects":true,"showParticleSystems":true},"in2DMode":false,"pivot":{"x":0.29463595151901247,"y":1.8487210273742676,"z":14.134061813354493},"rotation":{"x":0.015309013426303864,"y":0.003311172127723694,"z":-0.00007738647400401533,"w":0.9999008178710938},"size":20.86241340637207,"orthographic":false}