{"cameraMode":{"drawMode":0,"name":"Shaded","section":"Shading Mode"},"sceneLighting":true,"audioPlay":false,"sceneViewState":{"showFog":true,"showMaterialUpdate":false,"showSkybox":true,"showFlares":true,"showImageEffects":true,"showParticleSystems":true},"in2DMode":false,"pivot":{"x":-2.4186296463012697,"y":-0.25255656242370608,"z":11.779291152954102},"rotation":{"x":-0.05877523869276047,"y":-0.0038968075532466175,"z":0.0002288816758664325,"w":-0.9982683062553406},"size":16.1907901763916,"orthographic":false}