{"cameraMode":{"drawMode":0,"name":"Shaded","section":"Shading Mode"},"sceneLighting":true,"audioPlay":false,"sceneViewState":{"showFog":true,"showMaterialUpdate":false,"showSkybox":true,"showFlares":true,"showImageEffects":true,"showParticleSystems":true},"in2DMode":false,"pivot":{"x":-2.154193639755249,"y":1.0128540992736817,"z":4.990383625030518},"rotation":{"x":-0.1050991490483284,"y":-0.017305800691246988,"z":0.0018292812164872885,"w":-0.994309663772583},"size":11.667204856872559,"orthographic":false}