{"cameraMode":{"drawMode":0,"name":"Shaded","section":"Shading Mode"},"sceneLighting":true,"audioPlay":false,"sceneViewState":{"showFog":true,"showMaterialUpdate":false,"showSkybox":true,"showFlares":true,"showImageEffects":true,"showParticleSystems":true},"in2DMode":false,"pivot":{"x":-69.63538360595703,"y":-6.185431480407715,"z":-48.32756423950195},"rotation":{"x":0.033440977334976199,"y":-0.8676783442497253,"z":0.05893183499574661,"w":0.49253594875335696},"size":102.38582611083985,"orthographic":false}