{"cameraMode":{"drawMode":0,"name":"Shaded","section":"Shading Mode"},"sceneLighting":false,"audioPlay":false,"sceneViewState":{"showFog":true,"showMaterialUpdate":false,"showSkybox":false,"showFlares":true,"showImageEffects":true,"showParticleSystems":true},"in2DMode":false,"pivot":{"x":-3.690755605697632,"y":2.569180727005005,"z":8.438741683959961},"rotation":{"x":0.012172863818705082,"y":-0.15060511231422425,"z":0.0018282548990100623,"w":0.9885406494140625},"size":14.72973346710205,"orthographic":false}