{"cameraMode":{"drawMode":0,"name":"Shaded","section":"Shading Mode"},"sceneLighting":true,"audioPlay":false,"sceneViewState":{"showFog":true,"showMaterialUpdate":false,"showSkybox":true,"showFlares":true,"showImageEffects":true,"showParticleSystems":true},"in2DMode":false,"pivot":{"x":-0.15529286861419679,"y":2.744138717651367,"z":34.14555740356445},"rotation":{"x":0.0011900824028998614,"y":-0.01740196719765663,"z":-0.00002074489566439297,"w":-0.9998480677604675},"size":47.83808135986328,"orthographic":false}