{"cameraMode":{"drawMode":0,"name":"Shaded","section":"Shading Mode"},"sceneLighting":true,"audioPlay":false,"sceneViewState":{"showFog":true,"showMaterialUpdate":false,"showSkybox":true,"showFlares":true,"showImageEffects":true,"showParticleSystems":true},"in2DMode":false,"pivot":{"x":382.1724548339844,"y":322.52215576171877,"z":75.04443359375},"rotation":{"x":0.0617079995572567,"y":-0.04490436986088753,"z":0.0027966739144176246,"w":0.9971061944961548},"size":1189.763671875,"orthographic":false}