{"cameraMode":{"drawMode":0,"name":"Shaded","section":"Shading Mode"},"sceneLighting":true,"audioPlay":false,"sceneViewState":{"showFog":true,"showMaterialUpdate":false,"showSkybox":true,"showFlares":true,"showImageEffects":true,"showParticleSystems":true},"in2DMode":false,"pivot":{"x":-111.68515014648438,"y":9.772722244262696,"z":207.97659301757813},"rotation":{"x":-0.0025908425450325014,"y":-0.26064789295196535,"z":-0.0007265853928402066,"w":0.9654538035392761},"size":261.9017333984375,"orthographic":false}