{"cameraMode":{"drawMode":0,"name":"Shaded","section":"Shading Mode"},"sceneLighting":true,"audioPlay":false,"sceneViewState":{"showFog":true,"showMaterialUpdate":false,"showSkybox":true,"showFlares":true,"showImageEffects":true,"showParticleSystems":true},"in2DMode":false,"pivot":{"x":-3.494950294494629,"y":2.065351963043213,"z":0.2565479278564453},"rotation":{"x":0.0617079995572567,"y":-0.04490436986088753,"z":0.0027966739144176246,"w":0.9971061944961548},"size":10.970930099487305,"orthographic":false}